"time";"therm";"temperature";"humidity";"pressure"
;;;;
12:38:05.801;27286;170297;37731;100925
;;;;
12:38:05.976;27270;170297;378573;100924
;;;;
12:38:06.167;27350;170297;37753;100926
;;;;
12:38:06.343;27270;170348;377584;100925
;;;;
12:38:06.544;27254;170297;381811;100924
;;;;
12:38:06.736;27302;170246;378518;100927
;;;;
12:38:06.925;27302;170195;375663;100926
;;;;
12:38:07.117;27254;170195;377529;100926
;;;;
12:38:07.309;27318;170195;376981;100928
;;;;
12:38:07.500;27302;170195;378133;100924
;;;;
12:38:07.691;27302;170094;378463;100925
;;;;
12:38:07.883;27286;170043;377145;100927
;;;;
12:38:08.068;27334;170094;379451;100927
;;;;
12:38:08.255;27318;170043;380329;100924
;;;;
12:38:08.442;27318;170094;377365;100929
;;;;
12:38:08.629;27270;169992;380329;100924
;;;;
12:38:08.800;27254;170043;378353;100927
;;;;
12:38:09.003;27334;169891;377145;100926
;;;;
12:38:09.190;27302;170043;376816;100926
;;;;
12:38:09.379;27302;169941;379286;100928
;;;;
12:38:09.566;27286;169992;375609;100926
;;;;
12:38:09.753;27286;169891;380384;100925
;;;;
12:38:09.942;27334;169891;380164;100926
;;;;
12:38:10.136;27302;169891;381317;100925
;;;;
12:38:10.324;27302;169891;379615;100925
;;;;
12:38:10.498;27286;169789;376267;100927
;;;;
12:38:10.707;27302;169738;380439;100927
;;;;
12:38:10.897;27334;169738;379395;100929
;;;;
12:38:11.073;27302;169688;378353;100928
;;;;
12:38:11.258;27414;169738;380054;100928
;;;;
12:38:11.449;27334;169738;379341;100929
;;;;
12:38:11.638;27318;169688;379505;100927
;;;;
12:38:11.826;27254;169688;379286;100927
;;;;
12:38:12.023;27302;169637;378902;100928
;;;;
12:38:12.213;27350;169586;379231;100929
;;;;
12:38:12.387;27334;169484;380658;100929
;;;;
12:38:12.594;27318;169586;380878;100926
;;;;
12:38:12.768;27318;169535;380;100929
;;;;
12:38:12.957;27318;169586;377365;10093
;;;;
12:38:13.156;27334;169586;381481;10093
;;;;
12:38:13.349;27350;169484;379835;100931
;;;;
12:38:13.541;27366;169434;381097;100927
;;;;
12:38:13.730;27350;169383;37742;100928
;;;;
12:38:13.920;27302;169484;376542;100928
;;;;
12:38:14.107;27446;169383;37956;100929
;;;;
12:38:14.296;27318;169383;379395;100927
;;;;
12:38:14.483;27318;169383;37967;100926
;;;;
12:38:14.671;27270;169332;378023;100925
;;;;
12:38:14.858;27366;169332;378353;100926
;;;;
12:38:15.046;27366;169281;379121;100925
;;;;
12:38:15.232;27430;169281;380877;100929
;;;;
12:38:15.437;27414;169281;379011;100927
;;;;
12:38:15.624;27382;16923;37989;100925
;;;;
12:38:15.826;27334;16918;379231;100927
;;;;
12:38:15.991;27318;169129;379944;100925
;;;;
12:38:16.180;27334;169078;379066;100928
;;;;
12:38:16.371;27382;169129;377255;100924
;;;;
12:38:16.563;27318;169078;378956;100926
;;;;
12:38:16.738;27318;169027;375938;100924
;;;;
12:38:16.929;27318;169027;380219;100923
;;;;
12:38:17.120;27318;168977;377804;100915
;;;;
12:38:17.311;27238;169027;378682;100912
;;;;
12:38:17.503;27270;168824;380054;100906
;;;;
12:38:17.679;27142;168926;377969;10091
;;;;
12:38:17.886;27062;168875;380877;10091
;;;;
12:38:18.058;26966;168875;378408;100908
;;;;
12:38:18.243;26902;168824;37945;100905
;;;;
12:38:18.445;26790;168773;378682;100911
;;;;
12:38:18.633;26694;168672;379341;100913
;;;;
12:38:18.819;26566;168672;381041;10091
;;;;
12:38:19.006;26454;16857;378682;100908
;;;;
12:38:19.210;26422;168621;379231;100913
;;;;
12:38:19.396;26422;16857;382962;100915
;;;;
12:38:19.585;26358;16857;378353;100913
;;;;
12:38:19.772;26358;168469;378737;100912
;;;;
12:38:19.959;26454;16852;37978;100912
;;;;
12:38:20.162;26326;168367;377859;100909
;;;;
12:38:20.348;26326;168418;37923;100911
;;;;
12:38:20.535;26358;168418;379395;10091
;;;;
12:38:20.724;26406;168418;377475;100911
;;;;
12:38:20.911;26438;168316;379999;100911
;;;;
12:38:21.099;26454;168215;378463;100911
;;;;
12:38:21.286;26454;168164;379615;100912
;;;;
12:38:21.474;26486;168113;378188;100908
;;;;
12:38:21.677;26486;168113;379066;10091
;;;;
12:38:21.847;26566;168113;381041;10091
;;;;
12:38:22.038;26566;168012;381754;100913
;;;;
12:38:22.230;26582;167961;378024;100911
;;;;
12:38:22.421;26566;168012;378847;10091
;;;;
12:38:22.613;26630;167758;381534;10091
;;;;
12:38:22.804;26646;167859;380547;10091
;;;;
12:38:22.981;26742;167758;380054;10091
;;;;
12:38:23.170;26694;167859;382083;10091
;;;;
12:38:23.361;26694;167809;380163;100909
;;;;
12:38:23.549;26710;167809;379395;100908
;;;;
12:38:23.742;26774;167809;381644;100908
;;;;
12:38:23.933;26822;167758;379121;100911
;;;;
12:38:24.119;26822;167656;378024;100907
;;;;
12:38:24.306;26854;167707;379615;100911
;;;;
12:38:24.508;26854;167605;37934;100911
;;;;
12:38:24.696;26886;167555;37923;10091
;;;;
12:38:24.868;26870;167555;381205;100912
;;;;
12:38:25.071;26886;167555;378188;10091
;;;;
12:38:25.258;26870;167504;378408;100912
;;;;
12:38:25.431;26886;167402;381315;100908
;;;;
12:38:25.619;26982;167402;378462;100908
;;;;
12:38:25.808;26934;167402;375994;100913
;;;;
12:38:26.007;26934;167402;376159;10091
;;;;
12:38:26.198;26918;16725;37945;10091
;;;;
12:38:26.389;26902;167301;377475;100911
;;;;
12:38:26.581;26854;16725;377366;100911
;;;;
12:38:26.771;26902;16725;379066;100909
;;;;
12:38:26.947;26838;16725;378846;100909
;;;;
12:38:27.153;26854;167148;381808;100912
;;;;
12:38:27.345;26822;167148;37956;100914
;;;;
12:38:27.521;26838;167148;382247;100912
;;;;
12:38:27.713;26838;16725;382302;10091
;;;;
12:38:27.921;26822;167148;378463;100912
;;;;
12:38:28.093;26774;167098;379669;100913
;;;;
12:38:28.282;26694;166996;376433;100914
;;;;
12:38:28.470;26630;167148;375665;100912
;;;;
12:38:28.657;26582;166945;376982;100911
;;;;
12:38:28.844;26486;167047;378901;10091
;;;;
12:38:29.047;26358;166945;378024;100909
;;;;
12:38:29.218;26262;166945;377201;100913
;;;;
12:38:29.421;26006;167047;377805;100913
;;;;
12:38:29.592;25894;166844;378792;100912
;;;;
12:38:29.781;25766;166945;379066;100909
;;;;
12:38:29.985;25542;166945;379285;100909
;;;;
12:38:30.172;25382;166945;381808;10091
;;;;
12:38:30.345;25158;166844;37945;100913
;;;;
12:38:30.530;24950;166844;378188;100911
;;;;
12:38:30.735;24774;166844;382137;10091
;;;;
12:38:30.908;24565;166793;382027;100913
;;;;
12:38:31.096;24341;166844;379011;100913
;;;;
12:38:31.283;24133;166691;381424;100912
;;;;
12:38:31.470;23925;166742;378517;100911
;;;;
12:38:31.660;23717;166691;381753;10091
;;;;
12:38:31.847;23477;166691;382631;100911
;;;;
12:38:32.035;23285;166691;381973;100909
;;;;
12:38:32.222;23093;166742;379011;10091
;;;;
12:38:32.409;22917;166641;381973;100909
;;;;
12:38:32.595;22725;166539;379724;10091
;;;;
12:38:32.799;22533;166641;383234;100909
;;;;
12:38:32.986;22357;166641;379943;100908
;;;;
12:38:33.173;22197;166539;383069;10091
;;;;
12:38:33.361;22021;166539;380437;10091
;;;;
12:38:33.550;21813;166539;381753;100911
;;;;
12:38:33.736;21621;166488;378956;100909
;;;;
12:38:33.923;21397;166488;379998;100908
;;;;
12:38:34.125;21285;166387;381753;100907
;;;;
12:38:34.311;21029;166437;384604;100908
;;;;
12:38:34.499;20853;166437;382356;100909
;;;;
12:38:34.685;20709;166539;381972;100908
;;;;
12:38:34.871;20501;166488;38115;100908
;;;;
12:38:35.059;20356;166437;381972;100909
;;;;
12:38:35.247;20228;166437;384275;100908
;;;;
12:38:35.436;20004;166437;382466;100907
;;;;
12:38:35.622;19908;166285;380821;100911
;;;;
12:38:35.809;19748;166387;38252;100911
;;;;
12:38:36.012;19652;166285;379066;100908
;;;;
12:38:36.199;19492;166336;38444;100906
;;;;
12:38:36.372;19364;166234;383014;100909
;;;;
12:38:36.574;19284;166285;383398;100907
;;;;
12:38:36.748;19156;166285;381753;100904
;;;;
12:38:36.943;19092;166184;38104;100907
;;;;
12:38:37.152;18980;166336;387401;100906
;;;;
12:38:37.340;18868;166234;38614;100905
;;;;
12:38:37.527;18788;166285;38592;100905
;;;;
12:38:37.715;18724;166336;383398;100904
;;;;
12:38:37.901;18628;166336;386085;100908
;;;;
12:38:38.089;18580;166387;385153;100905
;;;;
12:38:38.276;18468;166387;383562;100904
;;;;
12:38:38.463;18388;166387;386688;100905
;;;;
12:38:38.664;18308;166387;382027;100905
;;;;
12:38:38.836;18212;166437;387455;100906
;;;;
12:38:39.040;18148;166336;383727;100901
;;;;
12:38:39.226;18100;166437;386797;100905
;;;;
12:38:39.412;18020;166387;386195;100904
;;;;
12:38:39.599;17972;166437;386852;100904
;;;;
12:38:39.785;17892;166387;38603;100906
;;;;
12:38:39.974;17844;166437;385372;100907
;;;;
12:38:40.163;17796;166437;385975;100907
;;;;
12:38:40.351;17652;166488;386249;100904
;;;;
12:38:40.539;17700;166387;386249;100908
;;;;
12:38:40.727;17588;166437;388881;100906
;;;;
12:38:40.915;17556;166437;385153;100907
;;;;
12:38:41.101;17524;166387;385043;100907
;;;;
12:38:41.288;17380;166488;390142;100906
;;;;
12:38:41.476;17428;166437;383946;100907
;;;;
12:38:41.677;17412;166488;387181;100908
;;;;
12:38:41.864;17332;166387;387127;100909
;;;;
12:38:42.051;17364;166539;385372;100908
;;;;
12:38:42.239;17252;166488;389429;100904
;;;;
12:38:42.427;17204;166488;385153;100905
;;;;
12:38:42.615;17124;166387;3891;100909
;;;;
12:38:42.802;17092;16659;384714;100903
;;;;
12:38:43.005;17140;16659;386798;100905
;;;;
12:38:43.190;16996;166488;387675;100907
;;;;
12:38:43.361;16996;166539;388278;100906
;;;;
12:38:43.566;17092;166488;385811;100904
;;;;
12:38:43.754;16916;166488;388772;100904
;;;;
12:38:43.941;16884;166488;388991;100901
;;;;
12:38:44.127;16820;166539;388771;100904
;;;;
12:38:44.316;16772;166539;386359;100905
;;;;
12:38:44.519;16772;166539;389868;100903
;;;;
12:38:44.706;16724;166437;39058;100904
;;;;
12:38:44.893;16660;166488;38603;100903
;;;;
12:38:45.081;16580;166488;388333;100904
;;;;
12:38:45.282;16516;166437;388113;100907
;;;;
12:38:45.452;16564;166488;38751;100904
;;;;
12:38:45.640;16548;16659;388388;100904
;;;;
12:38:45.843;16484;166488;389922;100903
;;;;
12:38:46.001;16468;16659;389978;100903
;;;;
12:38:46.221;16404;166641;38943;100906
;;;;
12:38:46.407;16420;166539;388223;100907
;;;;
12:38:46.596;16339;16659;389649;100907
;;;;
12:38:46.783;16339;166539;39091;100908
;;;;
12:38:46.971;16291;166539;386359;100908
;;;;
12:38:47.158;16323;16659;390033;100905
;;;;
12:38:47.343;16243;166641;389978;100905
;;;;
12:38:47.530;16243;166641;390855;100906
;;;;
12:38:47.717;16195;166641;390088;100907
;;;;
12:38:47.919;16211;16659;386743;100908
;;;;
12:38:48.105;16179;166641;389594;100906
;;;;
12:38:48.277;16131;166742;391897;100903
;;;;
12:38:48.465;16147;166793;387621;100906
;;;;
12:38:48.652;16051;166742;391404;100905
;;;;
12:38:48.857;16083;166793;389814;100906
;;;;
12:38:49.041;16051;166742;390472;100905
;;;;
12:38:49.229;16051;166793;389978;100904
;;;;
12:38:49.414;16019;166742;391568;100906
;;;;
12:38:49.616;15987;166793;389046;100905
;;;;
12:38:49.805;15971;166844;388224;100903
;;;;
12:38:49.993;15923;166844;387621;100907
;;;;
12:38:50.180;15923;166793;390088;100903
;;;;
12:38:50.365;15875;166844;390198;100902
;;;;
12:38:50.567;15907;166895;388389;100903
;;;;
12:38:50.752;15891;166742;389485;100903
;;;;
12:38:50.956;15859;166844;389759;100905
;;;;
12:38:51.130;15875;166793;388663;100902
;;;;
12:38:51.333;15795;166895;390418;100902
;;;;
12:38:51.520;15827;166996;390857;100901
;;;;
12:38:51.710;15779;167047;391514;100901
;;;;
12:38:51.900;15811;166996;390089;100903
;;;;
12:38:52.088;15731;166945;390911;100903
;;;;
12:38:52.278;15715;166996;389924;100903
;;;;
12:38:52.465;15683;166945;391186;100903
;;;;
12:38:52.654;15651;167098;388389;10090
;;;;
12:38:52.846;15619;167148;39135;10090
;;;;
12:38:53.021;15587;166996;393488;100904
;;;;
12:38:53.234;15571;167199;390199;100903
;;;;
12:38:53.422;15555;167098;38828;100904
;;;;
12:38:53.595;15571;167148;391734;100901
;;;;
12:38:53.812;15555;167199;391679;100901
;;;;
12:38:53.984;15491;167199;392118;100904
;;;;
12:38:54.170;15491;167148;392063;100906
;;;;
12:38:54.370;15427;16725;391186;100903
;;;;
12:38:54.553;15459;167301;390748;100906
;;;;
12:38:54.740;15459;16725;388389;10090
;;;;
12:38:54.941;15427;167199;38817;100903
;;;;
12:38:55.140;15443;167199;392502;100903
;;;;
12:38:55.309;15347;167352;391406;100905
;;;;
12:38:55.497;15411;167301;391734;100904
;;;;
12:38:55.713;15347;167352;388828;100905
;;;;
12:38:55.881;15395;167352;392283;100909
;;;;
12:38:56.070;15363;167402;391955;100909
;;;;
12:38:56.257;15331;167402;392612;100904
;;;;
12:38:56.460;15267;167402;392448;100905
;;;;
12:38:56.646;15299;167453;390583;100904
;;;;
12:38:56.833;15235;167453;391845;100904
;;;;
12:38:57.019;15139;167555;392284;100906
;;;;
12:38:57.217;15171;167453;393764;100905
;;;;
12:38:57.392;15187;167504;393874;100907
;;;;
12:38:57.590;15155;167555;392394;100905
;;;;
12:38:57.778;15123;167656;393271;100905
;;;;
12:38:57.960;15107;167656;39179;100908
;;;;
12:38:58.151;15107;167656;390639;100908
;;;;
12:38:58.330;15043;167605;391571;100906
;;;;
12:38:58.520;15043;167656;390639;100907
;;;;
12:38:58.711;15075;167707;392229;100906
;;;;
12:38:58.902;15027;167707;393874;100906
;;;;
12:38:59.095;15043;167758;393271;100905
;;;;
12:38:59.286;14963;167758;39042;100905
;;;;
12:38:59.477;14931;167809;391901;100904
;;;;
12:38:59.669;14963;167859;393053;100906
;;;;
12:38:59.842;14947;16791;39234;100907
;;;;
12:39:00.038;15027;167859;39404;100906
;;;;
12:39:00.232;14883;16791;392505;100905
;;;;
12:39:00.422;14883;167961;395356;100906
;;;;
12:39:00.614;14835;16791;39404;100909
;;;;
12:39:00.788;14851;167961;393053;100906
;;;;
12:39:00.995;14883;168164;395411;100905
;;;;
12:39:01.185;14819;167961;392779;100901
;;;;
12:39:01.373;14803;168012;394808;100902
;;;;
12:39:01.549;14755;168062;393327;100901
;;;;
12:39:01.740;14819;168113;393547;100899
;;;;
12:39:01.928;14787;168164;394314;100901
;;;;
12:39:02.128;14835;168164;391792;100902
;;;;
12:39:02.315;14643;168215;394205;100899
;;;;
12:39:02.502;14723;168266;396837;10090
;;;;
12:39:02.690;14691;168164;393054;100898
;;;;
12:39:02.891;14675;168215;394864;10090
;;;;
12:39:03.076;14691;168367;392944;100902
;;;;
12:39:03.262;14691;168367;396235;100896
;;;;
12:39:03.450;14643;168316;393438;100896
;;;;
12:39:03.634;14611;168266;395193;100895
;;;;
12:39:03.821;14659;168418;39448;100899
;;;;
12:39:04.007;14643;168418;391573;100898
;;;;
12:39:04.199;14595;168418;396016;100896
;;;;
12:39:04.390;14611;168418;396016;100898
;;;;
12:39:04.581;14707;168469;394097;10090
;;;;
12:39:04.774;14643;168469;393603;100898
;;;;
12:39:04.968;14611;16857;397332;100899
;;;;
12:39:05.143;14563;168469;394043;10090
;;;;
12:39:05.335;14611;168621;396236;100901
;;;;
12:39:05.526;14643;168672;396785;100898
;;;;
12:39:05.702;14563;168773;39503;10090
;;;;
12:39:05.894;14547;168773;393988;100901
;;;;
12:39:06.078;14515;168824;393823;10090
;;;;
12:39:06.279;14579;168773;394372;100902
;;;;
12:39:06.464;14547;168773;395798;100903
;;;;
12:39:06.653;14435;168824;396017;100903
;;;;
12:39:06.841;14547;168824;396127;10090
;;;;
12:39:07.025;14499;168977;396457;100898
;;;;
12:39:07.226;14483;168977;395031;10090
;;;;
12:39:07.417;14467;168977;394921;100897
;;;;
12:39:07.604;14451;168977;394811;100897
;;;;
12:39:07.791;14451;168926;395689;100899
;;;;
12:39:07.977;14467;169078;396895;100895
;;;;
12:39:08.178;14451;169078;395689;10090
;;;;
12:39:08.363;14403;169078;397609;100898
;;;;
12:39:08.563;14371;169078;394428;100899
;;;;
12:39:08.749;14371;169129;393551;10090
;;;;
12:39:08.920;14419;169078;396239;10090
;;;;
12:39:09.107;14323;169129;394593;100898
;;;;
12:39:09.292;14323;16918;397445;100897
;;;;
12:39:09.495;14307;16918;395855;100901
;;;;
12:39:09.683;14323;16918;392893;100896
;;;;
12:39:09.869;14291;169281;394812;10090
;;;;
12:39:10.058;14291;169332;395306;100902
;;;;
12:39:10.242;14275;169281;394977;100899
;;;;
12:39:10.431;14291;169383;397995;100899
;;;;
12:39:10.618;14227;169484;394758;100899
;;;;
12:39:10.805;14227;169434;393332;100899
;;;;
12:39:11.004;14227;169434;39624;10090
;;;;
12:39:11.191;14195;169484;39613;100899
;;;;
12:39:11.377;14179;169535;392619;10090
;;;;
12:39:11.563;14227;169484;395582;100899
;;;;
12:39:11.752;14243;169535;396733;10090
;;;;
12:39:11.936;14179;169586;395253;10090
;;;;
12:39:12.139;14163;169637;396679;10090
;;;;
12:39:12.325;14179;169738;393717;100898
;;;;
12:39:12.509;14163;169688;396405;100898
;;;;
12:39:12.697;14115;169789;39454;100899
;;;;
12:39:12.882;14131;169738;39624;100901
;;;;
12:39:13.083;14115;169789;39624;100899
;;;;
12:39:13.267;14115;169789;392401;100898
;;;;
12:39:13.470;14115;169891;394814;100899
;;;;
12:39:13.656;14083;169789;392895;100898
;;;;
12:39:13.842;14067;169891;397174;100902
;;;;
12:39:14.039;14051;169789;393937;100901
;;;;
12:39:14.228;14083;169941;395858;100901
;;;;
12:39:14.417;14115;169891;393498;100901
;;;;
12:39:14.592;14035;170094;395858;100898
;;;;
12:39:14.782;14067;170145;393608;100901
;;;;
12:39:14.973;14067;169992;395912;100899
;;;;
12:39:15.163;14035;170094;393993;100898
;;;;
12:39:15.364;14035;170145;398217;100897
;;;;
12:39:15.538;14003;170094;398163;100899
;;;;
12:39:15.729;14051;170195;396571;100899
;;;;
12:39:15.918;14019;170145;394048;100898
;;;;
12:39:16.105;14019;170297;397669;100899
;;;;
12:39:16.292;14035;170348;395201;100901
;;;;
12:39:16.493;14099;170348;396901;100902
;;;;
12:39:16.682;14003;170348;396517;100895
;;;;
12:39:16.865;13971;170348;398382;100901
;;;;
12:39:17.065;14003;170398;397121;100901
;;;;
12:39:17.250;14051;1705;395201;100896
;;;;
12:39:17.435;14035;1705;39542;100901
;;;;
12:39:17.619;14003;170602;398438;100896
;;;;
12:39:17.822;14003;170449;394543;100898
;;;;
12:39:18.006;13987;170551;397726;100897
;;;;
12:39:18.192;14003;170602;398713;100898
;;;;
12:39:18.377;13987;170703;393994;100899
;;;;
12:39:18.567;14003;170652;396464;100898
;;;;
12:39:18.767;13923;170805;398604;10090
;;;;
12:39:18.955;13971;170703;395311;100902
;;;;
12:39:19.142;14003;170754;39608;100902
;;;;
12:39:19.328;13987;170754;396464;100901
;;;;
12:39:19.516;13971;170805;397946;100904
;;;;
12:39:19.700;13955;170805;396629;10090
;;;;
12:39:19.881;13923;170906;398165;100903
;;;;
12:39:20.075;13939;170957;394489;100901
;;;;
12:39:20.261;13987;170855;397178;100903
;;;;
12:39:20.449;13955;171008;398604;100902
;;;;
12:39:20.653;13955;170957;394929;100904
;;;;
12:39:20.839;13987;171008;396465;100904
;;;;
12:39:21.026;13955;171008;398989;100901
;;;;
12:39:21.211;13987;171008;396026;100905
;;;;
12:39:21.414;13955;171059;398221;100906
;;;;
12:39:21.601;13955;17116;398441;100903
;;;;
12:39:21.787;13971;171211;396795;100904
;;;;
12:39:21.973;13955;171211;397564;100902
;;;;
12:39:22.162;13955;171312;398003;100903
;;;;
12:39:22.348;13971;171312;398113;100903
;;;;
12:39:22.535;13955;171363;396411;100902
;;;;
12:39:22.719;13987;171414;398223;10090
;;;;
12:39:22.923;13955;171363;398991;100897
;;;;
12:39:23.111;13923;171414;397838;100902
;;;;
12:39:23.298;13955;171465;397345;100903
;;;;
12:39:23.486;13955;171465;398223;10090
;;;;
12:39:23.686;13907;171465;397729;100902
;;;;
12:39:23.856;13923;171516;398278;100898
;;;;
12:39:24.042;13939;171617;398004;10090
;;;;
12:39:24.229;13923;171617;39548;100901
;;;;
12:39:24.413;13923;171668;397071;100899
;;;;
12:39:24.600;13907;171668;397402;100902
;;;;
12:39:24.799;13859;171769;399376;100899
;;;;
12:39:24.987;13939;171719;39817;100901
;;;;
12:39:25.173;13907;171769;398554;100896
;;;;
12:39:25.362;13923;171719;39998;100897
;;;;
12:39:25.564;13955;17182;396359;100894
;;;;
12:39:25.782;13923;171922;398884;100893
;;;;
12:39:25.929;13939;171922;397018;100893
;;;;
12:39:26.134;13955;172074;399597;100897
;;;;
12:39:26.310;13939;171973;395921;100897
;;;;
12:39:26.501;13923;172125;396469;100895
;;;;
12:39:26.693;13875;172074;399104;100895
;;;;
12:39:26.869;13923;172176;400038;100894
;;;;
12:39:27.060;13907;172125;398446;100897
;;;;
12:39:27.268;13907;172277;398556;100896
;;;;
12:39:27.443;13939;172277;399105;100898
;;;;
12:39:27.619;13955;172176;395867;100894
;;;;
12:39:27.810;13923;172328;400203;100897
;;;;
12:39:27.998;13939;172328;398831;100898
;;;;
12:39:28.184;13971;172277;39444;100896
;;;;
12:39:28.387;13971;172379;398557;100895
;;;;
12:39:28.573;13923;172328;399599;100897
;;;;
12:39:28.759;13875;17243;397459;100898
;;;;
12:39:28.944;13955;17248;395374;100901
;;;;
12:39:29.133;13955;17248;397899;10090
;;;;
12:39:29.321;13939;172531;39735;100898
;;;;
12:39:29.506;13955;172582;397954;100894
;;;;
12:39:29.708;13907;172633;398777;100898
;;;;
12:39:29.894;13907;172836;400698;100899
;;;;
12:39:30.080;13923;172734;39768;100898
;;;;
12:39:30.267;13939;172633;399766;100896
;;;;
12:39:30.439;13971;172836;399821;100895
;;;;
12:39:30.653;13939;172734;400645;100897
;;;;
12:39:30.840;13923;172937;398943;100898
;;;;
12:39:31.029;13987;172937;398011;100899
;;;;
12:39:31.199;13971;173039;397626;10090
;;;;
12:39:31.393;13875;173039;394991;100902
;;;;
12:39:31.586;13923;17309;398779;100898
;;;;
12:39:31.771;13875;173141;39856;100899
;;;;
12:39:31.960;13939;173039;398669;100898
;;;;
12:39:32.147;13923;173191;397736;10090
;;;;
12:39:32.335;13939;173191;396474;100899
;;;;
12:39:32.524;13923;173191;400811;100898
;;;;
12:39:32.729;13971;173344;395815;100902
;;;;
12:39:32.918;13923;173242;396364;100901
;;;;
12:39:33.092;13939;173293;397737;100897
;;;;
12:39:33.282;13891;173344;394992;100901
;;;;
12:39:33.471;13939;173394;398177;100903
;;;;
12:39:33.658;13891;173344;396146;100903
;;;;
12:39:33.848;13939;173445;399494;100903
;;;;
12:39:34.040;13955;173445;398836;100902
;;;;
12:39:34.226;13923;173445;398232;100901
;;;;
12:39:34.413;13923;173648;397903;100903
;;;;
12:39:34.597;13907;173648;398397;100902
;;;;
12:39:34.784;13939;173699;395378;100902
;;;;
12:39:35.000;13939;17375;400483;100903
;;;;
12:39:35.171;13907;173699;396751;100904
;;;;
12:39:35.355;13875;173852;395982;100904
;;;;
12:39:35.545;14003;173852;396587;10090
;;;;
12:39:35.731;13907;173902;400045;10090
;;;;
12:39:35.928;13939;173852;398673;100902
;;;;
12:39:36.102;13891;173902;400814;100903
;;;;
12:39:36.292;13875;173953;40021;100902
;;;;
12:39:36.476;13923;173902;396148;100901
;;;;
12:39:36.674;13907;174004;395434;10090
;;;;
12:39:36.850;13891;174055;39785;100904
;;;;
12:39:37.040;13891;174055;396313;100905
;;;;
12:39:37.232;13891;174156;396972;100902
;;;;
12:39:37.422;13875;174156;396972;100901
;;;;
12:39:37.613;13891;174207;399004;100901
;;;;
12:39:37.803;13859;174156;398125;100901
;;;;
12:39:37.976;13875;174207;396149;100904
;;;;
12:39:38.164;13907;174309;398455;100902
;;;;
12:39:38.348;13907;174309;39571;100901
;;;;
12:39:38.551;13875;174309;39895;100903
;;;;
12:39:38.739;13875;174359;4012;100902
;;;;
12:39:38.925;13907;174309;398127;100904
;;;;
12:39:39.109;13907;174461;395985;100902
;;;;
12:39:39.311;13891;174461;399115;100902
;;;;
12:39:39.482;13843;174512;398566;100901
;;;;
12:39:39.686;13859;174512;398401;100902
;;;;
12:39:39.876;13891;174512;399555;100905
;;;;
12:39:40.055;13875;174613;397578;100902
;;;;
12:39:40.227;13843;174562;399994;100902
;;;;
12:39:40.435;13875;174715;39604;10090
;;;;
12:39:40.625;13859;174613;397139;100903
;;;;
12:39:40.813;13843;174664;398401;100904
;;;;
12:39:41.006;13859;174766;398238;100901
;;;;
12:39:41.175;13843;174715;399995;10090
;;;;
12:39:41.371;13859;174867;400215;100903
;;;;
12:39:41.561;13875;174867;398128;100903
;;;;
12:39:41.751;13859;174918;396096;100901
;;;;
12:39:41.944;13859;174867;395821;10090
;;;;
12:39:42.135;13843;174867;396921;100901
;;;;
12:39:42.325;13875;17507;399118;100898
;;;;
12:39:42.513;13827;17507;395712;100895
;;;;
12:39:42.705;13843;17507;397635;100899
;;;;
12:39:42.892;13779;175273;398459;100901
;;;;
12:39:43.090;13827;17507;40093;100898
;;;;
12:39:43.279;13827;175172;397526;100898
;;;;
12:39:43.454;13811;175172;397416;100896
;;;;
12:39:43.646;13859;175273;39813;100899
;;;;
12:39:43.836;13859;175121;399448;100899
;;;;
12:39:44.024;13827;175375;39824;100898
;;;;
12:39:44.209;13795;175375;398954;100897
;;;;
12:39:44.394;13859;175426;397911;100898
;;;;
12:39:44.577;13843;175375;396318;100898
;;;;
12:39:44.764;13923;175578;397856;100897
;;;;
12:39:44.951;13859;175527;398076;100897
;;;;
12:39:45.154;13907;175527;397142;100898
;;;;
12:39:45.341;13875;175629;39901;100899
;;;;
12:39:45.526;13859;17568;397087;100896
;;;;
12:39:45.710;13859;175578;396264;100896
;;;;
12:39:45.914;13891;175629;39912;100895
;;;;
12:39:46.099;13843;17568;396429;100897
;;;;
12:39:46.287;13875;17568;397198;100897
;;;;
12:39:46.471;13827;17573;397143;100898
;;;;
12:39:46.660;13891;175832;398846;100898
;;;;
12:39:46.860;13891;175781;396045;100898
;;;;
12:39:47.045;13875;175883;397857;100901
;;;;
12:39:47.232;13875;175883;399725;10090
;;;;
12:39:47.419;13875;175883;397034;100898
;;;;
12:39:47.618;13859;175934;398682;100897
;;;;
12:39:47.803;13843;175984;399506;100899
;;;;
12:39:47.992;13763;176086;39665;10090
;;;;
12:39:48.185;13875;175984;396595;100899
;;;;
12:39:48.376;13907;175984;401649;100898
;;;;
12:39:48.549;13843;176086;400331;100897
;;;;
12:39:48.740;13811;176086;395057;100898
;;;;
12:39:48.935;13859;176238;400001;100899
;;;;
12:39:49.123;13875;176238;39742;100897
;;;;
12:39:49.315;13811;176289;398903;100899
;;;;
12:39:49.491;13875;176289;39764;100898
;;;;
12:39:49.684;13811;17634;400222;10090
;;;;
12:39:49.874;13859;176391;397255;100895
;;;;
12:39:50.061;13827;176391;400222;10090
;;;;
12:39:50.249;13827;176391;399014;100896
;;;;
12:39:50.436;13891;176391;396761;100895
;;;;
12:39:50.638;13859;176441;396377;100901
;;;;
12:39:50.821;13875;176492;39841;100898
;;;;
12:39:51.010;13827;176492;397201;100897
;;;;
12:39:51.194;13795;176594;397146;100898
;;;;
12:39:51.397;13843;176594;395058;100899
;;;;
12:39:51.582;13843;176645;400388;100896
;;;;
12:39:51.768;13795;176645;398191;100898
;;;;
12:39:51.960;13779;176645;399509;100898
;;;;
12:39:52.151;13811;176695;401048;100899
;;;;
12:39:52.342;13827;176695;397147;10090
;;;;
12:39:52.518;13891;176695;398576;100898
;;;;
12:39:52.709;13779;176797;395993;100899
;;;;
12:39:52.901;13843;176848;398685;100898
;;;;
12:39:53.093;13795;176797;398301;100896
;;;;
12:39:53.280;13811;176848;397752;100897
;;;;
12:39:53.475;13731;176898;398411;100894
;;;;
12:39:53.652;13923;176898;400224;100897
;;;;
12:39:53.843;13795;177051;398083;100898
;;;;
12:39:54.030;13843;177;397149;100896
;;;;
12:39:54.218;13827;177;397094;100898
;;;;
12:39:54.407;13827;177051;396984;100896
;;;;
12:39:54.577;13827;177152;397588;100896
;;;;
12:39:54.777;13827;177102;395555;100896
;;;;
12:39:54.968;13827;177152;396819;100895
;;;;
12:39:55.156;13843;177203;39572;100894
;;;;
12:39:55.342;13827;177254;398413;100894
;;;;
12:39:55.529;13827;177254;394072;100896
;;;;
12:39:55.716;13827;177355;395995;100898
;;;;
12:39:55.913;13843;177305;397919;100894
;;;;
12:39:56.084;13827;177406;397589;100896
;;;;
12:39:56.276;13811;177406;398139;100899
;;;;
12:39:56.468;13827;177457;399018;100899
;;;;
12:39:56.655;13859;177457;39704;100895
;;;;
12:39:56.844;13875;177406;398139;100895
;;;;
12:39:57.038;13859;177559;397809;100898
;;;;
12:39:57.229;13843;177508;398634;100897
;;;;
12:39:57.416;13875;177559;398689;100895
;;;;
12:39:57.606;13875;177559;396876;100896
;;;;
12:39:57.797;13859;177609;397591;100894
;;;;
12:39:57.987;13891;177609;395063;100895
;;;;
12:39:58.191;13859;177762;397206;100898
;;;;
12:39:58.379;13891;177711;395282;100897
;;;;
12:39:58.566;13939;177813;396986;100897
;;;;
12:39:58.765;13891;177762;396712;100893
;;;;
12:39:58.936;13859;177711;397151;100892
;;;;
12:39:59.120;14003;177863;397261;100895
;;;;
12:39:59.308;13875;177914;394074;100896
;;;;
12:39:59.511;13891;177914;396822;100895
;;;;
12:39:59.698;13939;177914;396438;100897
;;;;
12:39:59.879;13923;177914;398086;100895
;;;;
12:40:00.070;13923;177914;396493;100896
;;;;
12:40:00.260;13907;178016;398965;100899
;;;;
12:40:00.443;13907;177965;395888;100896
;;;;
12:40:00.630;13907;178016;396493;100898
;;;;
12:40:00.824;13939;178168;396493;100897
;;;;
12:40:01.015;13891;178117;398746;100898
;;;;
12:40:01.207;13939;178168;395558;100895
;;;;
12:40:01.399;13907;178168;397702;100895
;;;;
12:40:01.588;13939;178219;398472;100894
;;;;
12:40:01.764;13875;178219;399462;100896
;;;;
12:40:01.954;13875;17832;397483;100898
;;;;
12:40:02.151;13907;17832;396274;100899
;;;;
12:40:02.343;13907;178523;395725;100897
;;;;
12:40:02.534;13923;178473;397044;100899
;;;;
12:40:02.724;13923;178574;39589;100898
;;;;
12:40:02.917;13955;178523;397099;100895
;;;;
12:40:03.094;13923;178574;39666;10090
;;;;
12:40:03.288;13923;178625;396769;100899
;;;;
12:40:03.479;13971;178625;394901;100899
;;;;
12:40:03.666;13875;178727;397375;100899
;;;;
12:40:03.861;13923;178676;399354;100899
;;;;
12:40:04.064;13955;178676;394022;100899
;;;;
12:40:04.251;13939;178727;39622;100898
;;;;
12:40:04.420;13939;178777;397045;100899
;;;;
12:40:04.619;13971;178777;399024;100898
;;;;
12:40:04.805;13939;178879;396826;10090
;;;;
12:40:04.995;13939;178828;396606;100899
;;;;
12:40:05.181;13971;178828;397265;100897
;;;;
12:40:05.366;13971;178879;396002;100901
;;;;
12:40:05.570;13987;17893;395452;100898
;;;;
12:40:05.756;13939;179031;398476;100899
;;;;
12:40:05.943;13987;179082;396277;100901
;;;;
12:40:06.126;13859;179133;395837;100901
;;;;
12:40:06.298;13971;179082;397541;100898
;;;;
12:40:06.517;13955;179184;395727;100899
;;;;
12:40:06.690;13923;179336;398366;10090
;;;;
12:40:06.873;14003;179184;397816;100897
;;;;
12:40:07.061;13987;179184;398476;100899
;;;;
12:40:07.260;13907;179336;396498;100899
;;;;
12:40:07.445;13939;179336;397267;100899
;;;;
12:40:07.634;13971;179336;396113;10090
;;;;
12:40:07.817;14131;179437;397817;100899
;;;;
12:40:08.007;13971;179488;397157;100899
;;;;
12:40:08.191;13971;179437;397707;10090
;;;;
12:40:08.381;13987;179488;396113;100902
;;;;
12:40:08.572;13939;179437;398147;10090
;;;;
12:40:08.765;14131;179539;398642;100897
;;;;
12:40:08.956;14003;179488;398532;100898
;;;;
12:40:09.146;13971;179641;395399;100898
;;;;
12:40:09.337;14019;179539;397488;100898
;;;;
12:40:09.527;14035;179641;398368;100898
;;;;
12:40:09.719;14003;179742;398313;100899
;;;;
12:40:09.912;13955;179691;397159;100896
;;;;
12:40:10.088;14019;179641;397874;100897
;;;;
12:40:10.294;13955;179691;395069;100898
;;;;
12:40:10.486;14035;179742;394355;100898
;;;;
12:40:10.662;14019;179742;395399;10090
;;;;
12:40:10.855;13987;179793;395235;100899
;;;;
12:40:11.044;14003;179793;397379;100898
;;;;
12:40:11.234;14003;179844;396994;10090
;;;;
12:40:11.424;14003;179894;397984;100898
;;;;
12:40:11.616;13971;179844;396224;100899
;;;;
12:40:11.792;13971;179945;394631;100898
;;;;
12:40:11.982;13971;179945;39705;100897
;;;;
12:40:12.168;14003;179996;397985;100899
;;;;
12:40:12.355;13987;179996;39606;100899
;;;;
12:40:12.540;14019;180098;395785;100898
;;;;
12:40:12.740;13875;180098;395071;100898
;;;;
12:40:12.927;13971;180199;398315;10090
;;;;
12:40:13.114;14003;180148;396721;100898
;;;;
12:40:13.315;14003;180199;396996;100898
;;;;
12:40:13.496;13955;180148;393476;100899
;;;;
12:40:13.683;13971;180352;396391;100901
;;;;
12:40:13.870;13971;180301;398755;100898
;;;;
12:40:14.071;13987;180301;398701;100902
;;;;
12:40:14.258;13987;180352;396226;100896
;;;;
12:40:14.445;13955;180301;394247;100898
;;;;
12:40:14.631;14083;180504;395182;100899
;;;;
12:40:14.817;13955;180453;395677;10090
;;;;
12:40:15.018;14003;180402;396667;100898
;;;;
12:40:15.205;13987;180504;392707;100897
;;;;
12:40:15.391;13955;180555;397437;100898
;;;;
12:40:15.593;13907;180555;396557;100901
;;;;
12:40:15.765;13891;180605;397437;10090
;;;;
12:40:15.968;13923;180605;395787;100901
;;;;
12:40:16.155;13987;180656;396337;10090
;;;;
12:40:16.342;13939;180758;396613;100901
;;;;
12:40:16.526;13939;180758;395622;100899
;;;;
12:40:16.713;13971;180809;395568;100898
;;;;
12:40:16.900;13907;180758;397108;100898
;;;;
12:40:17.085;13907;180809;395899;10090
;;;;
12:40:17.273;13939;180809;398538;100901
;;;;
12:40:17.474;13907;180961;393533;100899
;;;;
12:40:17.661;13923;18091;392763;100899
;;;;
12:40:17.847;13907;18091;394193;100901
;;;;
12:40:18.049;13891;18091;395678;100901
;;;;
12:40:18.234;13955;180961;396064;10090
;;;;
12:40:18.422;13987;181012;394798;100901
;;;;
12:40:18.609;13923;181113;393919;100902
;;;;
12:40:18.813;13923;181012;393204;100901
;;;;
12:40:18.985;13907;181062;395954;100901
;;;;
12:40:19.171;13923;181164;397494;10090
;;;;
12:40:19.356;14083;181164;392874;100902
;;;;
12:40:19.542;13923;181316;397934;100898
;;;;
12:40:19.727;13939;181266;3981;100901
;;;;
12:40:19.916;13939;181266;397934;100898
;;;;
12:40:20.102;13907;181266;395899;10090
;;;;
12:40:20.289;13939;181266;39238;100898
;;;;
12:40:20.473;13923;181316;394745;100899
;;;;
12:40:20.674;13907;181469;39469;100901
;;;;
12:40:20.859;13923;181418;39359;100897
;;;;
12:40:21.045;13955;181367;39535;100898
;;;;
12:40:21.251;13923;181418;393535;100899
;;;;
12:40:21.420;13923;181418;394745;100895
;;;;
12:40:21.624;13923;181469;393095;100898
;;;;
12:40:21.813;13939;181469;39634;100897
;;;;
12:40:22.000;13923;18157;393976;100897
;;;;
12:40:22.174;13923;18157;395021;100894
;;;;
12:40:22.344;13923;181621;395186;100895
;;;;
12:40:22.558;13987;181621;395186;100897
;;;;
12:40:22.745;13971;181672;398046;100901
;;;;
12:40:22.929;13875;181672;392876;100897
;;;;
12:40:23.116;13955;181773;394416;100901
;;;;
12:40:23.301;14019;181773;393591;100899
;;;;
12:40:23.486;13907;181875;395077;100897
;;;;
12:40:23.675;13923;181875;396837;100897
;;;;
12:40:23.866;13939;181875;394581;100897
;;;;
12:40:24.064;13955;181824;395461;100899
;;;;
12:40:24.251;13971;181926;396177;100898
;;;;
12:40:24.444;13955;181977;393702;10090
;;;;
12:40:24.630;13955;181977;397663;100898
;;;;
12:40:24.832;13891;182027;398048;10090
;;;;
12:40:25.017;13955;181977;396563;100895
;;;;
12:40:25.205;13987;182129;396233;100897
;;;;
12:40:25.400;13971;182078;393042;100899
;;;;
12:40:25.593;13891;182078;392932;100897
;;;;
12:40:25.777;13955;18223;394968;100899
;;;;
12:40:25.960;13955;18218;393812;100897
;;;;
12:40:26.149;13939;18223;396123;10090
;;;;
12:40:26.342;13955;182332;395958;100896
;;;;
12:40:26.530;13939;182332;395408;100898
;;;;
12:40:26.722;13923;182332;392822;100897
;;;;
12:40:26.897;13923;182383;395133;100901
;;;;
12:40:27.089;13955;182484;395519;100898
;;;;
12:40:27.281;13923;182383;393098;100897
;;;;
12:40:27.473;13939;182332;393153;10090
;;;;
12:40:27.663;13907;182535;396399;100897
;;;;
12:40:27.855;13907;182484;391723;100899
;;;;
12:40:28.039;13859;182535;396289;100896
;;;;
12:40:28.229;13907;182637;394199;100898
;;;;
12:40:28.421;13907;182535;395794;100895
;;;;
12:40:28.609;13939;182535;395464;100896
;;;;
12:40:28.802;13923;182637;394089;100896
;;;;
12:40:28.992;13923;182637;395299;100898
;;;;
12:40:29.184;13939;182637;39629;100897
;;;;
12:40:29.374;13875;182789;395519;100899
;;;;
12:40:29.566;13939;182738;396565;100896
;;;;
12:40:29.758;13923;18284;393099;100899
;;;;
12:40:29.948;13987;182738;39497;100896
;;;;
12:40:30.133;13939;182789;394145;100895
;;;;
12:40:30.305;13939;182891;393539;100898
;;;;
12:40:30.507;13891;182891;394585;100895
;;;;
12:40:30.695;14019;182941;39365;100896
;;;;
12:40:30.880;13955;182941;391339;100897
;;;;
12:40:31.068;14051;183043;392769;100896
;;;;
12:40:31.253;13955;182992;394805;100896
;;;;
12:40:31.454;13955;183094;39343;100899
;;;;
12:40:31.638;13923;183094;3953;100898
;;;;
12:40:31.827;13939;183094;396071;100898
;;;;
12:40:32.008;13939;183246;39365;100897
;;;;
12:40:32.200;13923;183246;396126;100895
;;;;
12:40:32.375;13939;183094;394641;100897
;;;;
12:40:32.567;13923;183246;39222;100896
;;;;
12:40:32.758;13907;183246;39266;10090
;;;;
12:40:32.948;13875;183297;395742;100897
;;;;
12:40:33.149;13907;183297;391284;100898
;;;;
12:40:33.342;13923;183297;393981;100896
;;;;
12:40:33.517;13907;183297;393596;100896
;;;;
12:40:33.707;14051;183398;394531;100897
;;;;
12:40:33.899;13811;183398;392495;100897
;;;;
12:40:34.085;14019;183551;395412;100898
;;;;
12:40:34.286;13907;183449;393651;100897
;;;;
12:40:34.471;13955;183449;392165;100897
;;;;
12:40:34.689;13955;183449;394202;100896
;;;;
12:40:34.862;13923;183551;396568;100896
;;;;
12:40:35.048;13955;1835;394477;100897
;;;;
